IP-Address,User-Agent,X-Request-From,Request-Type,API,User-Login,User-Name,EnterpriseId,EnterpriseName,Auth-Status,Status-Code,Response-Time,Request-Body
157.49.141.133,Mozilla/5.0 (Windows NT 10.0; WOW64;Trident/7.0; rv:11.0) like Gecko,UIX,POST,/v1/admin/developers,test@demo.com,testUser,2,Enterprise-2,,200,346,,
157.49.141.133,Mozilla/5.0 (Windows NT 10.0; WOW64;Trident/7.0; rv:11.0) like Gecko,UIX,GET,/v2/developers,test@demo.com,testUser,2,Enterprise-2,,200,1240,,
157.49.141.133,Mozilla/5.0 (Windows NT 10.0; WOW64;Trident/7.0; rv:11.0) like Gecko,UIX,PUT,/v2/developers,test@demo.com,testUser,2,Enterprise-2,,200,1117,,
157.49.141.133,Mozilla/5.0 (Windows NT 10.0; WOW64;Trident/7.0; rv:11.0) like Gecko,UIX,OPTIONS,/v2/developers,test@demo.com,testUser,2,Enterprise-2,,200,1240,,
157.49.141.133,Mozilla/5.0 (Windows NT 10.0; WOW64;Trident/7.0; rv:11.0) like Gecko,UIX,DELETE,/v2/developers,test@demo.com,testUser,2,Enterprise-2,,200,1117,,
